순위,주소(지역),위도,경도,거리(km),알림,상태
1위,강원도 원주시 반곡동 1823,37.334889,127.982552,1.212289,예측,출동 요청
2위,강원도 원주시 태장동 1310,37.376042,127.948611,5.298523,예측,출동 요청
3위,강원도 원주시 소초면 황골로 216,37.378745,127.994727,5.682262,상습,출동 대기
4위,강원도 원주시 단계동 591-5,37.356363,127.922356,5.89226,예측,출동 대기
5위,강원도 원주시 판부면 금대리 산 214-5,37.280354,127.99852,6.137436,상습,출동 대기
6위,강원도 원주시 판부면 금대리 757-3,37.279569,128.004987,6.137436,상습,출동 대기
